{
  "by_checkpoint": [
    {
      "candidate_action_distribution": {
        "horizontal": 0,
        "local": 0,
        "vertical": 3303
      },
      "completion_count": 732,
      "completion_ratio": 0.22141560798548093,
      "deadline_violation_ratio": 0.647610405323654,
      "decision_count": 3303,
      "drop_count": 2141,
      "drop_ratio": 0.647610405323654,
      "feasible_task_ratio": 0.002117362371445856,
      "horizontal_feasible_ratio": 0.002117362371445856,
      "hypothetical_horizontal_feasible_ratio": 0.002117362371445856,
      "hypothetical_local_feasible_ratio": 0.0054446460980036296,
      "hypothetical_vertical_feasible_ratio": 0.002117362371445856,
      "local_feasible_ratio": 0.0054446460980036296,
      "mean_completion_latency_slots": 9.771857923497267,
      "mean_drop_latency_slots": 16.975712283979448,
      "mean_terminal_latency_slots": 15.14027149321267,
      "pending_count": 184,
      "reward_event_count": 2873,
      "reward_per_decision": -28.09355131698456,
      "reward_per_task": -28.068058076225046,
      "selected_action_feasible_ratio": 0.002117362371445856,
      "selected_action_feasible_task_count": 7,
      "selected_action_infeasible_task_count": 3299,
      "terminal_task_count": 2873,
      "training_budget": 50,
      "unique_task_count": 3306,
      "vertical_feasible_ratio": 0.002117362371445856
    },
    {
      "candidate_action_distribution": {
        "horizontal": 0,
        "local": 1393,
        "vertical": 1910
      },
      "completion_count": 922,
      "completion_ratio": 0.278886872353297,
      "deadline_violation_ratio": 0.5901391409558379,
      "decision_count": 3303,
      "drop_count": 1951,
      "drop_ratio": 0.5901391409558379,
      "feasible_task_ratio": 0.0054446460980036296,
      "horizontal_feasible_ratio": 0.002117362371445856,
      "hypothetical_horizontal_feasible_ratio": 0.002117362371445856,
      "hypothetical_local_feasible_ratio": 0.0054446460980036296,
      "hypothetical_vertical_feasible_ratio": 0.002117362371445856,
      "local_feasible_ratio": 0.0054446460980036296,
      "mean_completion_latency_slots": 7.7440347071583515,
      "mean_drop_latency_slots": 16.971809328549462,
      "mean_terminal_latency_slots": 14.010442046641142,
      "pending_count": 184,
      "reward_event_count": 2873,
      "reward_per_decision": -25.788676960339085,
      "reward_per_task": -25.76527525710829,
      "selected_action_feasible_ratio": 0.0054446460980036296,
      "selected_action_feasible_task_count": 18,
      "selected_action_infeasible_task_count": 3288,
      "terminal_task_count": 2873,
      "training_budget": 100,
      "unique_task_count": 3306,
      "vertical_feasible_ratio": 0.002117362371445856
    }
  ],
  "checkpoint_budgets": [
    50,
    100
  ],
  "comparison": {
    "50_to_100_action_distribution_changed": true,
    "50_to_100_completion_changed": true,
    "50_to_100_drop_changed": true,
    "50_to_100_reward_changed": true,
    "50_to_100_selected_action_feasibility_changed": true,
    "candidate_action_distribution_changed": true,
    "completion_count_delta": 190,
    "completion_ratio_delta": 0.05747126436781608,
    "deadline_violation_ratio_delta": -0.05747126436781613,
    "drop_count_delta": -190,
    "drop_ratio_delta": -0.05747126436781613,
    "hypothetical_horizontal_feasible_ratio_delta": 0.0,
    "hypothetical_local_feasible_ratio_delta": 0.0,
    "hypothetical_vertical_feasible_ratio_delta": 0.0,
    "mean_terminal_latency_slots_delta": -1.1298294465715273,
    "pending_count_delta": 0,
    "reward_per_decision_delta": 2.304874356645474,
    "reward_per_task_delta": 2.302782819116757,
    "selected_action_feasible_ratio_delta": 0.0033272837265577735
  },
  "comparison_classification": "completion_path_changed"
}
