{
  "shared_final_completion": 0.2545454545454545,
  "distributed_final_completion": 0.22141560798548093,
  "distributed_vs_shared_completion": -0.033129846559973586,
  "capacity_split_completion": 0.2572108519752499,
  "distributed_vs_capacity_split_completion": -0.035795243989768966
}