{
  "capacity_split_completion": 0.2572108519752499,
  "candidate_vs_capacity_split_completion": -0.0026653974297953797
}