{
  "final_candidate_completion": 0.2545454545454545,
  "fixed_local_completion": 0.2464540694907187,
  "random_legal_completion": 0.24283674440742503,
  "candidate_vs_fixed_local_completion": 0.008091385054735806
}