{
  "events": 45,
  "checkpoints_written": 40,
  "aborts": [],
  "first_event": {
    "event": "campaign_started",
    "budgets": [
      250,
      500,
      750,
      1000,
      1250,
      1500,
      1750,
      2000,
      2250,
      2500,
      2750,
      3000,
      3250,
      3500,
      3750,
      4000,
      4250,
      4500,
      4750,
      5000
    ],
    "eval_at": [
      250,
      500,
      1000,
      1500,
      2000,
      2500,
      3000,
      3500,
      4000,
      4500,
      5000
    ],
    "ts": 1782134674.2284842
  },
  "last_event": {
    "event": "campaign_finished",
    "abort_reason": null,
    "wall_s": 4943.6
  },
  "max_loss": 203.78565979003906
}