stage,loss
pilot,5.543805855268147e-06
resume,4.816000000573695e-06
