policy,scenario,workload,deadline_pressure,seed,completed_count,dropped_timeout_count,dropped_unavailable_count,deadline_violation_count,illegal_action_rejection_count,average_delay,average_reward,total_reward,completion_rate,timeout_drop_rate,unavailable_drop_rate,deadline_violation_rate,throughput,queue_stability_score,compatibility_mode_used
CLOUD_ONLY,all,all,all,,1437,75,0,156,0,5.04384133611691,-6.777777777777778,-10248.0,0.9503968253968254,0.0496031746031746,0.0,0.10317460317460317,0.9503968253968254,0.23214285714285715,False
HOODIE_PROPOSED,all,all,all,,1431,81,0,186,0,5.186582809224318,-7.051587301587301,-10662.0,0.9464285714285714,0.05357142857142857,0.0,0.12301587301587301,0.9464285714285714,0.23214285714285715,True
LOCAL_ONLY,all,all,all,,1431,81,0,186,0,5.186582809224318,-7.051587301587301,-10662.0,0.9464285714285714,0.05357142857142857,0.0,0.12301587301587301,0.9464285714285714,0.23214285714285715,False
ORIGINAL_HOODIE_BASELINE,all,all,all,,1437,75,0,156,0,5.04384133611691,-6.777777777777778,-10248.0,0.9503968253968254,0.0496031746031746,0.0,0.10317460317460317,0.9503968253968254,0.23214285714285715,True
RANDOM_POLICY,all,all,all,,1359,84,69,201,69,5.325239146431199,-8.833994708994709,-13357.0,0.8988095238095238,0.05555555555555555,0.04563492063492063,0.13293650793650794,0.8988095238095238,0.23214285714285715,False
