policy,scenario,workload,deadline_pressure,seed,completed_count,dropped_timeout_count,dropped_unavailable_count,deadline_violation_count,illegal_action_rejection_count,average_delay,average_reward,total_reward,completion_rate,timeout_drop_rate,unavailable_drop_rate,deadline_violation_rate,throughput,queue_stability_score,compatibility_mode_used
CLOUD_ONLY,ALL,ALL,ALL,,450,54,0,168,18,4.532258064516129,-7.748677248677249,-4244.0,0.8928571428571429,0.10714285714285714,0.0,0.3333333333333333,0.42896825396825394,0.24807256235827663,False
HOODIE_PROPOSED,ALL,ALL,ALL,,438,66,0,204,18,4.82258064516129,-8.653439153439153,-4788.0,0.8690476190476191,0.13095238095238096,0.0,0.40476190476190477,0.41865079365079366,0.24807256235827663,True
LOCAL_ONLY,ALL,ALL,ALL,,438,66,0,204,18,4.82258064516129,-8.653439153439153,-4788.0,0.8690476190476191,0.13095238095238096,0.0,0.40476190476190477,0.41865079365079366,0.24807256235827663,False
ORIGINAL_HOODIE_BASELINE,ALL,ALL,ALL,,450,54,0,168,18,4.532258064516129,-7.748677248677249,-4244.0,0.8928571428571429,0.10714285714285714,0.0,0.3333333333333333,0.42896825396825394,0.24807256235827663,True
RANDOM_POLICY,ALL,ALL,ALL,,402,102,0,220,18,5.403225806451613,-11.415343915343914,-6260.0,0.7976190476190477,0.20238095238095238,0.0,0.4365079365079365,0.3855820105820106,0.24807256235827663,False
