{
  "count": 7,
  "rows": [
    {
      "average_delay": 5.2967032967032965,
      "average_reward": -8.670634920634921,
      "compatibility_mode_used": false,
      "completed_count": 1365,
      "completion_rate": 0.9027777777777778,
      "deadline_pressure": "all",
      "deadline_violation_count": 198,
      "deadline_violation_rate": 0.13095238095238096,
      "drop_ratio": 0.09722222222222222,
      "dropped_timeout_count": 84,
      "dropped_unavailable_count": 63,
      "illegal_action_rejection_count": 63,
      "policy": "BCO",
      "queue_stability_score": 0.17937041032955262,
      "scenario": "all",
      "seed": null,
      "task_completion_delay": 5.2967032967032965,
      "task_drop_ratio": 0.09722222222222222,
      "throughput": 0.9027777777777778,
      "timeout_drop_rate": 0.05555555555555555,
      "total_reward": -13110.0,
      "unavailable_drop_rate": 0.041666666666666664,
      "workload": "all"
    },
    {
      "average_delay": 5.186582809224318,
      "average_reward": -7.051587301587301,
      "compatibility_mode_used": false,
      "completed_count": 1431,
      "completion_rate": 0.9464285714285714,
      "deadline_pressure": "all",
      "deadline_violation_count": 186,
      "deadline_violation_rate": 0.12301587301587301,
      "drop_ratio": 0.05357142857142857,
      "dropped_timeout_count": 81,
      "dropped_unavailable_count": 0,
      "illegal_action_rejection_count": 0,
      "policy": "FLC",
      "queue_stability_score": 0.17937041032955262,
      "scenario": "all",
      "seed": null,
      "task_completion_delay": 5.186582809224318,
      "task_drop_ratio": 0.05357142857142857,
      "throughput": 0.9464285714285714,
      "timeout_drop_rate": 0.05357142857142857,
      "total_reward": -10662.0,
      "unavailable_drop_rate": 0.0,
      "workload": "all"
    },
    {
      "average_delay": 5.834170854271357,
      "average_reward": -13.01984126984127,
      "compatibility_mode_used": false,
      "completed_count": 1194,
      "completion_rate": 0.7896825396825397,
      "deadline_pressure": "all",
      "deadline_violation_count": 258,
      "deadline_violation_rate": 0.17063492063492064,
      "drop_ratio": 0.21031746031746032,
      "dropped_timeout_count": 102,
      "dropped_unavailable_count": 216,
      "illegal_action_rejection_count": 216,
      "policy": "HO",
      "queue_stability_score": 0.17937041032955262,
      "scenario": "all",
      "seed": null,
      "task_completion_delay": 5.834170854271357,
      "task_drop_ratio": 0.21031746031746032,
      "throughput": 0.7896825396825397,
      "timeout_drop_rate": 0.06746031746031746,
      "total_reward": -19686.0,
      "unavailable_drop_rate": 0.14285714285714285,
      "workload": "all"
    },
    {
      "average_delay": 4.902286902286902,
      "average_reward": -6.503968253968254,
      "compatibility_mode_used": false,
      "completed_count": 1443,
      "completion_rate": 0.9543650793650794,
      "deadline_pressure": "all",
      "deadline_violation_count": 126,
      "deadline_violation_rate": 0.08333333333333333,
      "drop_ratio": 0.04563492063492063,
      "dropped_timeout_count": 69,
      "dropped_unavailable_count": 0,
      "illegal_action_rejection_count": 0,
      "policy": "HOODIE",
      "queue_stability_score": 0.17937041032955262,
      "scenario": "all",
      "seed": null,
      "task_completion_delay": 4.902286902286902,
      "task_drop_ratio": 0.04563492063492063,
      "throughput": 0.9543650793650794,
      "timeout_drop_rate": 0.04563492063492063,
      "total_reward": -9834.0,
      "unavailable_drop_rate": 0.0,
      "workload": "all"
    },
    {
      "average_delay": 4.902286902286902,
      "average_reward": -6.503968253968254,
      "compatibility_mode_used": false,
      "completed_count": 1443,
      "completion_rate": 0.9543650793650794,
      "deadline_pressure": "all",
      "deadline_violation_count": 126,
      "deadline_violation_rate": 0.08333333333333333,
      "drop_ratio": 0.04563492063492063,
      "dropped_timeout_count": 69,
      "dropped_unavailable_count": 0,
      "illegal_action_rejection_count": 0,
      "policy": "MLEO",
      "queue_stability_score": 0.17937041032955262,
      "scenario": "all",
      "seed": null,
      "task_completion_delay": 4.902286902286902,
      "task_drop_ratio": 0.04563492063492063,
      "throughput": 0.9543650793650794,
      "timeout_drop_rate": 0.04563492063492063,
      "total_reward": -9834.0,
      "unavailable_drop_rate": 0.0,
      "workload": "all"
    },
    {
      "average_delay": 5.325239146431199,
      "average_reward": -8.833994708994709,
      "compatibility_mode_used": false,
      "completed_count": 1359,
      "completion_rate": 0.8988095238095238,
      "deadline_pressure": "all",
      "deadline_violation_count": 201,
      "deadline_violation_rate": 0.13293650793650794,
      "drop_ratio": 0.10119047619047619,
      "dropped_timeout_count": 84,
      "dropped_unavailable_count": 69,
      "illegal_action_rejection_count": 69,
      "policy": "RO",
      "queue_stability_score": 0.17937041032955262,
      "scenario": "all",
      "seed": null,
      "task_completion_delay": 5.325239146431199,
      "task_drop_ratio": 0.10119047619047619,
      "throughput": 0.8988095238095238,
      "timeout_drop_rate": 0.05555555555555555,
      "total_reward": -13357.0,
      "unavailable_drop_rate": 0.04563492063492063,
      "workload": "all"
    },
    {
      "average_delay": 5.04384133611691,
      "average_reward": -6.777777777777778,
      "compatibility_mode_used": false,
      "completed_count": 1437,
      "completion_rate": 0.9503968253968254,
      "deadline_pressure": "all",
      "deadline_violation_count": 156,
      "deadline_violation_rate": 0.10317460317460317,
      "drop_ratio": 0.0496031746031746,
      "dropped_timeout_count": 75,
      "dropped_unavailable_count": 0,
      "illegal_action_rejection_count": 0,
      "policy": "VO",
      "queue_stability_score": 0.17937041032955262,
      "scenario": "all",
      "seed": null,
      "task_completion_delay": 5.04384133611691,
      "task_drop_ratio": 0.0496031746031746,
      "throughput": 0.9503968253968254,
      "timeout_drop_rate": 0.0496031746031746,
      "total_reward": -10248.0,
      "unavailable_drop_rate": 0.0,
      "workload": "all"
    }
  ]
}
