episode_id,total_tasks,completed_tasks,dropped_tasks,pending_tasks,drop_ratio,completion_ratio,average_latency,average_waiting_time,average_service_time,average_queue_length,total_reward,mean_reward
0,1001,0,523,478,0.5224775224775224,0.0,7.690524193548387,2.473347547974414,2.6417910447761193,1.5699464169294497,-582.9750366210938,-5.25202751159668
1,1027,0,612,415,0.5959104186952289,0.0,8.055501460564752,2.56144578313253,2.6265060240963853,1.7756364468937234,-665.8248901367188,-5.998422622680664
