{
  "policies": [
    {
      "paper_reference": "comparative ordering from Figure 10 and text claims",
      "policy": "HOODIE",
      "simulator_metrics": {
        "average_reward": -6.503968253968254,
        "completion_rate": 0.9543650793650794,
        "deadline_violation_rate": 0.08333333333333333,
        "illegal_action_rejection_count": 0,
        "queue_stability_score": 0.17937041032955262,
        "task_completion_delay": 4.902286902286902,
        "task_drop_ratio": 0.04563492063492063,
        "throughput": 0.9543650793650794,
        "timeout_drop_rate": 0.04563492063492063,
        "total_reward": -9834.0,
        "unavailable_drop_rate": 0.0
      }
    },
    {
      "paper_reference": "comparative ordering from Figure 10 and text claims",
      "policy": "RO",
      "simulator_metrics": {
        "average_reward": -8.833994708994709,
        "completion_rate": 0.8988095238095238,
        "deadline_violation_rate": 0.13293650793650794,
        "illegal_action_rejection_count": 69,
        "queue_stability_score": 0.17937041032955262,
        "task_completion_delay": 5.325239146431199,
        "task_drop_ratio": 0.10119047619047619,
        "throughput": 0.8988095238095238,
        "timeout_drop_rate": 0.05555555555555555,
        "total_reward": -13357.0,
        "unavailable_drop_rate": 0.04563492063492063
      }
    },
    {
      "paper_reference": "comparative ordering from Figure 10 and text claims",
      "policy": "FLC",
      "simulator_metrics": {
        "average_reward": -7.051587301587301,
        "completion_rate": 0.9464285714285714,
        "deadline_violation_rate": 0.12301587301587301,
        "illegal_action_rejection_count": 0,
        "queue_stability_score": 0.17937041032955262,
        "task_completion_delay": 5.186582809224318,
        "task_drop_ratio": 0.05357142857142857,
        "throughput": 0.9464285714285714,
        "timeout_drop_rate": 0.05357142857142857,
        "total_reward": -10662.0,
        "unavailable_drop_rate": 0.0
      }
    },
    {
      "paper_reference": "comparative ordering from Figure 10 and text claims",
      "policy": "VO",
      "simulator_metrics": {
        "average_reward": -6.777777777777778,
        "completion_rate": 0.9503968253968254,
        "deadline_violation_rate": 0.10317460317460317,
        "illegal_action_rejection_count": 0,
        "queue_stability_score": 0.17937041032955262,
        "task_completion_delay": 5.04384133611691,
        "task_drop_ratio": 0.0496031746031746,
        "throughput": 0.9503968253968254,
        "timeout_drop_rate": 0.0496031746031746,
        "total_reward": -10248.0,
        "unavailable_drop_rate": 0.0
      }
    },
    {
      "paper_reference": "comparative ordering from Figure 10 and text claims",
      "policy": "HO",
      "simulator_metrics": {
        "average_reward": -13.01984126984127,
        "completion_rate": 0.7896825396825397,
        "deadline_violation_rate": 0.17063492063492064,
        "illegal_action_rejection_count": 216,
        "queue_stability_score": 0.17937041032955262,
        "task_completion_delay": 5.834170854271357,
        "task_drop_ratio": 0.21031746031746032,
        "throughput": 0.7896825396825397,
        "timeout_drop_rate": 0.06746031746031746,
        "total_reward": -19686.0,
        "unavailable_drop_rate": 0.14285714285714285
      }
    },
    {
      "paper_reference": "comparative ordering from Figure 10 and text claims",
      "policy": "BCO",
      "simulator_metrics": {
        "average_reward": -8.670634920634921,
        "completion_rate": 0.9027777777777778,
        "deadline_violation_rate": 0.13095238095238096,
        "illegal_action_rejection_count": 63,
        "queue_stability_score": 0.17937041032955262,
        "task_completion_delay": 5.2967032967032965,
        "task_drop_ratio": 0.09722222222222222,
        "throughput": 0.9027777777777778,
        "timeout_drop_rate": 0.05555555555555555,
        "total_reward": -13110.0,
        "unavailable_drop_rate": 0.041666666666666664
      }
    },
    {
      "paper_reference": "comparative ordering from Figure 10 and text claims",
      "policy": "MLEO",
      "simulator_metrics": {
        "average_reward": -6.503968253968254,
        "completion_rate": 0.9543650793650794,
        "deadline_violation_rate": 0.08333333333333333,
        "illegal_action_rejection_count": 0,
        "queue_stability_score": 0.17937041032955262,
        "task_completion_delay": 4.902286902286902,
        "task_drop_ratio": 0.04563492063492063,
        "throughput": 0.9543650793650794,
        "timeout_drop_rate": 0.04563492063492063,
        "total_reward": -9834.0,
        "unavailable_drop_rate": 0.0
      }
    }
  ]
}
